timestamp,machine_id,state,stop_reason,cpu_percent,ram_percent,network_ok,service_ok,produced_units,good_units,scrap_units,downtime_min,ideal_units_per_min,performance_factor
2026-03-21 21:34:00,MACHINE_01,RUN,NORMAL_OPERATION,49,41,True,True,9,7,2,0,10,1.0
2026-03-21 21:35:00,MACHINE_01,RUN,NORMAL_OPERATION,88,54,True,True,6,6,0,0,10,0.75
2026-03-21 21:36:00,MACHINE_01,RUN,NORMAL_OPERATION,47,62,True,True,11,11,0,0,10,1.0
2026-03-21 21:37:00,MACHINE_01,RUN,NORMAL_OPERATION,72,45,True,True,10,10,0,0,10,1.0
2026-03-21 21:38:00,MACHINE_01,RUN,NORMAL_OPERATION,55,69,True,True,11,11,0,0,10,1.0
2026-03-21 21:39:00,MACHINE_01,RUN,NORMAL_OPERATION,62,81,True,True,9,9,0,0,10,1.0
2026-03-21 21:40:00,MACHINE_01,RUN,NORMAL_OPERATION,98,45,True,True,5,5,0,0,10,0.6
2026-03-21 21:41:00,MACHINE_01,FAULT,SERVICE_DOWN,67,75,True,False,0,0,0,1,10,1.0
2026-03-21 21:42:00,MACHINE_01,RUN,NORMAL_OPERATION,49,83,True,True,10,10,0,0,10,1.0
2026-03-21 21:43:00,MACHINE_01,RUN,NORMAL_OPERATION,73,80,True,True,9,7,2,0,10,1.0
2026-03-21 21:44:00,MACHINE_01,RUN,NORMAL_OPERATION,74,55,True,True,9,9,0,0,10,1.0
2026-03-21 21:45:00,MACHINE_01,RUN,NORMAL_OPERATION,89,53,True,True,8,8,0,0,10,0.75
2026-03-21 21:46:00,MACHINE_01,RUN,NORMAL_OPERATION,64,77,True,True,9,9,0,0,10,1.0
2026-03-21 21:47:00,MACHINE_01,RUN,NORMAL_OPERATION,95,55,True,True,5,5,0,0,10,0.6
2026-03-21 21:48:00,MACHINE_01,RUN,NORMAL_OPERATION,47,43,True,True,9,9,0,0,10,1.0
2026-03-21 21:49:00,MACHINE_01,FAULT,RANDOM_FAULT,47,43,True,True,0,0,0,1,10,1.0
2026-03-21 21:50:00,MACHINE_01,RUN,NORMAL_OPERATION,46,88,True,True,9,8,1,0,10,1.0
2026-03-21 21:51:00,MACHINE_01,RUN,NORMAL_OPERATION,97,49,True,True,7,7,0,0,10,0.6
2026-03-21 21:52:00,MACHINE_01,RUN,NORMAL_OPERATION,45,51,True,True,10,10,0,0,10,1.0
2026-03-21 21:53:00,MACHINE_01,RUN,NORMAL_OPERATION,75,55,True,True,10,10,0,0,10,1.0
2026-03-21 21:54:00,MACHINE_01,RUN,NORMAL_OPERATION,43,55,True,True,11,11,0,0,10,1.0
2026-03-21 21:55:00,MACHINE_01,RUN,NORMAL_OPERATION,54,57,True,True,11,10,1,0,10,1.0
2026-03-21 21:56:00,MACHINE_01,RUN,NORMAL_OPERATION,68,50,True,True,9,9,0,0,10,1.0
2026-03-21 21:57:00,MACHINE_01,RUN,NORMAL_OPERATION,81,90,True,True,10,10,0,0,10,0.9
2026-03-21 21:58:00,MACHINE_01,STOP,NETWORK_DOWN,57,66,False,True,0,0,0,1,10,1.0
2026-03-21 21:59:00,MACHINE_01,RUN,NORMAL_OPERATION,77,90,True,True,8,8,0,0,10,0.9
2026-03-21 22:00:00,MACHINE_01,STOP,MINOR_STOP,74,92,True,True,0,0,0,1,10,1.0
2026-03-21 22:01:00,MACHINE_01,RUN,NORMAL_OPERATION,59,65,True,True,10,9,1,0,10,1.0
2026-03-21 22:02:00,MACHINE_01,RUN,NORMAL_OPERATION,39,46,True,True,10,9,1,0,10,1.0
2026-03-21 22:03:00,MACHINE_01,RUN,NORMAL_OPERATION,60,63,True,True,11,11,0,0,10,1.0
2026-03-21 22:04:00,MACHINE_01,RUN,NORMAL_OPERATION,57,79,True,True,10,10,0,0,10,1.0
2026-03-21 22:05:00,MACHINE_01,RUN,NORMAL_OPERATION,56,82,True,True,10,10,0,0,10,1.0
2026-03-21 22:06:00,MACHINE_01,RUN,NORMAL_OPERATION,93,66,True,True,6,5,1,0,10,0.6
2026-03-21 22:07:00,MACHINE_01,RUN,NORMAL_OPERATION,48,89,True,True,11,11,0,0,10,1.0
2026-03-21 22:08:00,MACHINE_01,RUN,NORMAL_OPERATION,89,75,True,True,7,7,0,0,10,0.75
2026-03-21 22:09:00,MACHINE_01,RUN,NORMAL_OPERATION,44,85,True,True,11,11,0,0,10,1.0
2026-03-21 22:10:00,MACHINE_01,RUN,NORMAL_OPERATION,37,88,True,True,10,10,0,0,10,1.0
2026-03-21 22:11:00,MACHINE_01,RUN,NORMAL_OPERATION,38,64,True,True,9,9,0,0,10,1.0
2026-03-21 22:12:00,MACHINE_01,RUN,NORMAL_OPERATION,94,51,True,True,6,6,0,0,10,0.6
2026-03-21 22:13:00,MACHINE_01,RUN,NORMAL_OPERATION,95,41,True,True,5,5,0,0,10,0.6
2026-03-21 22:14:00,MACHINE_01,RUN,NORMAL_OPERATION,60,41,True,True,9,9,0,0,10,1.0
2026-03-21 22:15:00,MACHINE_01,RUN,NORMAL_OPERATION,74,46,True,True,10,10,0,0,10,1.0
2026-03-21 22:16:00,MACHINE_01,RUN,NORMAL_OPERATION,40,62,True,True,11,11,0,0,10,1.0
2026-03-21 22:17:00,MACHINE_01,RUN,NORMAL_OPERATION,69,79,True,True,10,10,0,0,10,1.0
2026-03-21 22:18:00,MACHINE_01,RUN,NORMAL_OPERATION,78,41,True,True,9,8,1,0,10,0.9
2026-03-21 22:19:00,MACHINE_01,RUN,NORMAL_OPERATION,97,75,True,True,6,5,1,0,10,0.6
2026-03-21 22:20:00,MACHINE_01,RUN,NORMAL_OPERATION,82,70,True,True,10,10,0,0,10,0.9
2026-03-21 22:21:00,MACHINE_01,RUN,NORMAL_OPERATION,62,87,True,True,11,11,0,0,10,1.0
2026-03-21 22:22:00,MACHINE_01,RUN,NORMAL_OPERATION,51,80,True,True,11,11,0,0,10,1.0
2026-03-21 22:23:00,MACHINE_01,RUN,NORMAL_OPERATION,54,49,True,True,9,9,0,0,10,1.0
2026-03-21 22:24:00,MACHINE_01,RUN,NORMAL_OPERATION,89,59,True,True,6,6,0,0,10,0.75
2026-03-21 22:25:00,MACHINE_01,STOP,NETWORK_DOWN,44,50,False,True,0,0,0,1,10,1.0
2026-03-21 22:26:00,MACHINE_01,STOP,NETWORK_DOWN,95,58,False,True,0,0,0,1,10,0.6
2026-03-21 22:27:00,MACHINE_01,RUN,NORMAL_OPERATION,71,84,True,True,10,10,0,0,10,1.0
2026-03-21 22:28:00,MACHINE_01,RUN,NORMAL_OPERATION,56,90,True,True,10,10,0,0,10,1.0
2026-03-21 22:29:00,MACHINE_01,RUN,NORMAL_OPERATION,67,41,True,True,11,10,1,0,10,1.0
2026-03-21 22:30:00,MACHINE_01,RUN,NORMAL_OPERATION,90,80,True,True,7,7,0,0,10,0.75
2026-03-21 22:31:00,MACHINE_01,RUN,NORMAL_OPERATION,39,69,True,True,10,9,1,0,10,1.0
2026-03-21 22:32:00,MACHINE_01,RUN,NORMAL_OPERATION,41,53,True,True,11,9,2,0,10,1.0
2026-03-21 22:33:00,MACHINE_01,RUN,NORMAL_OPERATION,50,81,True,True,11,11,0,0,10,1.0
2026-03-21 22:34:00,MACHINE_01,RUN,NORMAL_OPERATION,88,61,True,True,7,7,0,0,10,0.75
2026-03-21 22:35:00,MACHINE_01,RUN,NORMAL_OPERATION,77,75,True,True,8,8,0,0,10,0.9
2026-03-21 22:36:00,MACHINE_01,RUN,NORMAL_OPERATION,83,64,True,True,8,8,0,0,10,0.9
2026-03-21 22:37:00,MACHINE_01,RUN,NORMAL_OPERATION,93,40,True,True,5,5,0,0,10,0.6
2026-03-21 22:38:00,MACHINE_01,RUN,NORMAL_OPERATION,45,61,True,True,10,10,0,0,10,1.0
2026-03-21 22:39:00,MACHINE_01,RUN,NORMAL_OPERATION,47,88,True,True,11,10,1,0,10,1.0
2026-03-21 22:40:00,MACHINE_01,RUN,NORMAL_OPERATION,83,79,True,True,8,7,1,0,10,0.9
2026-03-21 22:41:00,MACHINE_01,RUN,NORMAL_OPERATION,91,62,True,True,7,7,0,0,10,0.6
2026-03-21 22:42:00,MACHINE_01,RUN,NORMAL_OPERATION,72,84,True,True,10,9,1,0,10,1.0
2026-03-21 22:43:00,MACHINE_01,RUN,NORMAL_OPERATION,80,54,True,True,10,10,0,0,10,0.9
2026-03-21 22:44:00,MACHINE_01,RUN,NORMAL_OPERATION,72,60,True,True,11,11,0,0,10,1.0
2026-03-21 22:45:00,MACHINE_01,RUN,NORMAL_OPERATION,94,44,True,True,7,7,0,0,10,0.6
2026-03-21 22:46:00,MACHINE_01,RUN,NORMAL_OPERATION,50,69,True,True,10,9,1,0,10,1.0
2026-03-21 22:47:00,MACHINE_01,RUN,NORMAL_OPERATION,94,84,True,True,5,5,0,0,10,0.6
2026-03-21 22:48:00,MACHINE_01,RUN,NORMAL_OPERATION,93,63,True,True,6,6,0,0,10,0.6
2026-03-21 22:49:00,MACHINE_01,RUN,NORMAL_OPERATION,70,42,True,True,9,9,0,0,10,1.0
2026-03-21 22:50:00,MACHINE_01,RUN,NORMAL_OPERATION,93,45,True,True,5,5,0,0,10,0.6
2026-03-21 22:51:00,MACHINE_01,RUN,NORMAL_OPERATION,61,77,True,True,9,9,0,0,10,1.0
2026-03-21 22:52:00,MACHINE_01,RUN,NORMAL_OPERATION,51,40,True,True,9,9,0,0,10,1.0
2026-03-21 22:53:00,MACHINE_01,RUN,NORMAL_OPERATION,63,79,True,True,11,11,0,0,10,1.0
2026-03-21 22:54:00,MACHINE_01,RUN,NORMAL_OPERATION,53,44,True,True,11,11,0,0,10,1.0
2026-03-21 22:55:00,MACHINE_01,RUN,NORMAL_OPERATION,62,67,True,True,10,10,0,0,10,1.0
2026-03-21 22:56:00,MACHINE_01,RUN,NORMAL_OPERATION,90,46,True,True,6,6,0,0,10,0.75
2026-03-21 22:57:00,MACHINE_01,RUN,NORMAL_OPERATION,89,86,True,True,6,6,0,0,10,0.75
2026-03-21 22:58:00,MACHINE_01,RUN,NORMAL_OPERATION,82,47,True,True,10,9,1,0,10,0.9
2026-03-21 22:59:00,MACHINE_01,RUN,NORMAL_OPERATION,74,61,True,True,11,11,0,0,10,1.0
2026-03-21 23:00:00,MACHINE_01,RUN,NORMAL_OPERATION,45,43,True,True,9,9,0,0,10,1.0
2026-03-21 23:01:00,MACHINE_01,RUN,NORMAL_OPERATION,97,73,True,True,7,7,0,0,10,0.6
2026-03-21 23:02:00,MACHINE_01,RUN,NORMAL_OPERATION,98,87,True,True,5,5,0,0,10,0.6
2026-03-21 23:03:00,MACHINE_01,STOP,NETWORK_DOWN,40,67,False,True,0,0,0,1,10,1.0
2026-03-21 23:04:00,MACHINE_01,RUN,NORMAL_OPERATION,75,76,True,True,10,9,1,0,10,1.0
2026-03-21 23:05:00,MACHINE_01,RUN,NORMAL_OPERATION,86,73,True,True,6,6,0,0,10,0.75
2026-03-21 23:06:00,MACHINE_01,RUN,NORMAL_OPERATION,79,62,True,True,8,8,0,0,10,0.9
2026-03-21 23:07:00,MACHINE_01,RUN,NORMAL_OPERATION,94,88,True,True,7,7,0,0,10,0.6
2026-03-21 23:08:00,MACHINE_01,RUN,NORMAL_OPERATION,73,90,True,True,10,10,0,0,10,1.0
2026-03-21 23:09:00,MACHINE_01,RUN,NORMAL_OPERATION,40,68,True,True,11,11,0,0,10,1.0
2026-03-21 23:10:00,MACHINE_01,RUN,NORMAL_OPERATION,91,73,True,True,6,6,0,0,10,0.6
2026-03-21 23:11:00,MACHINE_01,RUN,NORMAL_OPERATION,77,46,True,True,10,10,0,0,10,0.9
2026-03-21 23:12:00,MACHINE_01,RUN,NORMAL_OPERATION,45,59,True,True,9,9,0,0,10,1.0
2026-03-21 23:13:00,MACHINE_01,RUN,NORMAL_OPERATION,58,53,True,True,9,9,0,0,10,1.0
2026-03-21 23:14:00,MACHINE_01,RUN,NORMAL_OPERATION,51,78,True,True,11,11,0,0,10,1.0
2026-03-21 23:15:00,MACHINE_01,RUN,NORMAL_OPERATION,74,91,True,True,11,11,0,0,10,1.0
2026-03-21 23:16:00,MACHINE_01,RUN,NORMAL_OPERATION,96,63,True,True,5,5,0,0,10,0.6
2026-03-21 23:17:00,MACHINE_01,RUN,NORMAL_OPERATION,90,45,True,True,7,7,0,0,10,0.75
2026-03-21 23:18:00,MACHINE_01,RUN,NORMAL_OPERATION,75,46,True,True,9,8,1,0,10,1.0
2026-03-21 23:19:00,MACHINE_01,RUN,NORMAL_OPERATION,62,49,True,True,9,9,0,0,10,1.0
2026-03-21 23:20:00,MACHINE_01,RUN,NORMAL_OPERATION,37,80,True,True,10,9,1,0,10,1.0
2026-03-21 23:21:00,MACHINE_01,RUN,NORMAL_OPERATION,37,64,True,True,10,9,1,0,10,1.0
2026-03-21 23:22:00,MACHINE_01,RUN,NORMAL_OPERATION,78,92,True,True,10,10,0,0,10,0.9
2026-03-21 23:23:00,MACHINE_01,RUN,NORMAL_OPERATION,74,72,True,True,9,9,0,0,10,1.0
2026-03-21 23:24:00,MACHINE_01,RUN,NORMAL_OPERATION,91,64,True,True,6,6,0,0,10,0.6
2026-03-21 23:25:00,MACHINE_01,RUN,NORMAL_OPERATION,58,74,True,True,10,10,0,0,10,1.0
2026-03-21 23:26:00,MACHINE_01,RUN,NORMAL_OPERATION,42,44,True,True,11,11,0,0,10,1.0
2026-03-21 23:27:00,MACHINE_01,RUN,NORMAL_OPERATION,54,83,True,True,9,9,0,0,10,1.0
2026-03-21 23:28:00,MACHINE_01,RUN,NORMAL_OPERATION,50,56,True,True,11,11,0,0,10,1.0
2026-03-21 23:29:00,MACHINE_01,RUN,NORMAL_OPERATION,75,82,True,True,10,10,0,0,10,1.0
2026-03-21 23:30:00,MACHINE_01,RUN,NORMAL_OPERATION,38,63,True,True,11,11,0,0,10,1.0
2026-03-21 23:31:00,MACHINE_01,RUN,NORMAL_OPERATION,44,68,True,True,11,11,0,0,10,1.0
2026-03-21 23:32:00,MACHINE_01,RUN,NORMAL_OPERATION,79,73,True,True,10,10,0,0,10,0.9
2026-03-21 23:33:00,MACHINE_01,RUN,NORMAL_OPERATION,78,76,True,True,10,10,0,0,10,0.9
2026-03-21 23:34:00,MACHINE_01,RUN,NORMAL_OPERATION,66,91,True,True,11,11,0,0,10,1.0
2026-03-21 23:35:00,MACHINE_01,RUN,NORMAL_OPERATION,82,72,True,True,9,9,0,0,10,0.9
2026-03-21 23:36:00,MACHINE_01,RUN,NORMAL_OPERATION,75,52,True,True,10,10,0,0,10,1.0
2026-03-21 23:37:00,MACHINE_01,RUN,NORMAL_OPERATION,95,58,True,True,6,6,0,0,10,0.6
2026-03-21 23:38:00,MACHINE_01,RUN,NORMAL_OPERATION,71,44,True,True,11,11,0,0,10,1.0
2026-03-21 23:39:00,MACHINE_01,RUN,NORMAL_OPERATION,40,42,True,True,10,10,0,0,10,1.0
2026-03-21 23:40:00,MACHINE_01,STOP,MINOR_STOP,97,85,True,True,0,0,0,1,10,0.6
2026-03-21 23:41:00,MACHINE_01,RUN,NORMAL_OPERATION,77,83,True,True,10,10,0,0,10,0.9
2026-03-21 23:42:00,MACHINE_01,RUN,NORMAL_OPERATION,83,49,True,True,10,9,1,0,10,0.9
2026-03-21 23:43:00,MACHINE_01,RUN,NORMAL_OPERATION,42,85,True,True,11,11,0,0,10,1.0
2026-03-21 23:44:00,MACHINE_01,RUN,NORMAL_OPERATION,96,52,True,True,6,6,0,0,10,0.6
2026-03-21 23:45:00,MACHINE_01,RUN,NORMAL_OPERATION,70,58,True,True,10,10,0,0,10,1.0
2026-03-21 23:46:00,MACHINE_01,RUN,NORMAL_OPERATION,60,92,True,True,9,9,0,0,10,1.0
2026-03-21 23:47:00,MACHINE_01,RUN,NORMAL_OPERATION,95,46,True,True,5,5,0,0,10,0.6
2026-03-21 23:48:00,MACHINE_01,RUN,NORMAL_OPERATION,71,60,True,True,11,11,0,0,10,1.0
2026-03-21 23:49:00,MACHINE_01,RUN,NORMAL_OPERATION,98,51,True,True,5,4,1,0,10,0.6
2026-03-21 23:50:00,MACHINE_01,RUN,NORMAL_OPERATION,98,48,True,True,5,4,1,0,10,0.6
2026-03-21 23:51:00,MACHINE_01,RUN,NORMAL_OPERATION,78,90,True,True,10,10,0,0,10,0.9
2026-03-21 23:52:00,MACHINE_01,RUN,NORMAL_OPERATION,68,64,True,True,10,10,0,0,10,1.0
2026-03-21 23:53:00,MACHINE_01,RUN,NORMAL_OPERATION,74,84,True,True,11,11,0,0,10,1.0
2026-03-21 23:54:00,MACHINE_01,RUN,NORMAL_OPERATION,66,83,True,True,10,10,0,0,10,1.0
2026-03-21 23:55:00,MACHINE_01,RUN,NORMAL_OPERATION,91,47,True,True,7,7,0,0,10,0.6
2026-03-21 23:56:00,MACHINE_01,STOP,NETWORK_DOWN,74,86,False,True,0,0,0,1,10,1.0
2026-03-21 23:57:00,MACHINE_01,RUN,NORMAL_OPERATION,35,87,True,True,11,11,0,0,10,1.0
2026-03-21 23:58:00,MACHINE_01,RUN,NORMAL_OPERATION,88,63,True,True,7,7,0,0,10,0.75
2026-03-21 23:59:00,MACHINE_01,RUN,NORMAL_OPERATION,85,73,True,True,8,8,0,0,10,0.9
2026-03-22 00:00:00,MACHINE_01,RUN,NORMAL_OPERATION,59,86,True,True,11,10,1,0,10,1.0
2026-03-22 00:01:00,MACHINE_01,RUN,NORMAL_OPERATION,64,74,True,True,11,11,0,0,10,1.0
2026-03-22 00:02:00,MACHINE_01,RUN,NORMAL_OPERATION,87,59,True,True,8,8,0,0,10,0.75
2026-03-22 00:03:00,MACHINE_01,RUN,NORMAL_OPERATION,75,84,True,True,11,11,0,0,10,1.0
2026-03-22 00:04:00,MACHINE_01,RUN,NORMAL_OPERATION,61,61,True,True,9,9,0,0,10,1.0
2026-03-22 00:05:00,MACHINE_01,RUN,NORMAL_OPERATION,62,70,True,True,9,9,0,0,10,1.0
2026-03-22 00:06:00,MACHINE_01,RUN,NORMAL_OPERATION,65,75,True,True,11,11,0,0,10,1.0
2026-03-22 00:07:00,MACHINE_01,RUN,NORMAL_OPERATION,63,87,True,True,11,11,0,0,10,1.0
2026-03-22 00:08:00,MACHINE_01,RUN,NORMAL_OPERATION,97,69,True,True,7,7,0,0,10,0.6
2026-03-22 00:09:00,MACHINE_01,RUN,NORMAL_OPERATION,44,92,True,True,11,9,2,0,10,1.0
2026-03-22 00:10:00,MACHINE_01,STOP,NETWORK_DOWN,87,40,False,True,0,0,0,1,10,0.75
2026-03-22 00:11:00,MACHINE_01,RUN,NORMAL_OPERATION,71,41,True,True,9,9,0,0,10,1.0
2026-03-22 00:12:00,MACHINE_01,RUN,NORMAL_OPERATION,86,69,True,True,8,8,0,0,10,0.75
2026-03-22 00:13:00,MACHINE_01,RUN,NORMAL_OPERATION,36,84,True,True,10,10,0,0,10,1.0
2026-03-22 00:14:00,MACHINE_01,RUN,NORMAL_OPERATION,44,83,True,True,9,8,1,0,10,1.0
2026-03-22 00:15:00,MACHINE_01,RUN,NORMAL_OPERATION,65,76,True,True,10,10,0,0,10,1.0
2026-03-22 00:16:00,MACHINE_01,RUN,NORMAL_OPERATION,85,89,True,True,9,9,0,0,10,0.9
2026-03-22 00:17:00,MACHINE_01,RUN,NORMAL_OPERATION,44,45,True,True,9,8,1,0,10,1.0
2026-03-22 00:18:00,MACHINE_01,STOP,MINOR_STOP,92,75,True,True,0,0,0,1,10,0.6
2026-03-22 00:19:00,MACHINE_01,RUN,NORMAL_OPERATION,80,75,True,True,9,8,1,0,10,0.9
2026-03-22 00:20:00,MACHINE_01,RUN,NORMAL_OPERATION,56,48,True,True,9,9,0,0,10,1.0
2026-03-22 00:21:00,MACHINE_01,RUN,NORMAL_OPERATION,48,48,True,True,11,11,0,0,10,1.0
2026-03-22 00:22:00,MACHINE_01,RUN,NORMAL_OPERATION,57,65,True,True,10,10,0,0,10,1.0
2026-03-22 00:23:00,MACHINE_01,RUN,NORMAL_OPERATION,38,86,True,True,10,10,0,0,10,1.0
2026-03-22 00:24:00,MACHINE_01,RUN,NORMAL_OPERATION,83,44,True,True,10,10,0,0,10,0.9
2026-03-22 00:25:00,MACHINE_01,RUN,NORMAL_OPERATION,66,82,True,True,11,10,1,0,10,1.0
2026-03-22 00:26:00,MACHINE_01,RUN,NORMAL_OPERATION,63,68,True,True,11,10,1,0,10,1.0
2026-03-22 00:27:00,MACHINE_01,RUN,NORMAL_OPERATION,61,73,True,True,11,10,1,0,10,1.0
2026-03-22 00:28:00,MACHINE_01,RUN,NORMAL_OPERATION,55,61,True,True,10,9,1,0,10,1.0
2026-03-22 00:29:00,MACHINE_01,RUN,NORMAL_OPERATION,70,88,True,True,11,11,0,0,10,1.0
2026-03-22 00:30:00,MACHINE_01,RUN,NORMAL_OPERATION,93,79,True,True,7,7,0,0,10,0.6
2026-03-22 00:31:00,MACHINE_01,RUN,NORMAL_OPERATION,84,66,True,True,9,9,0,0,10,0.9
2026-03-22 00:32:00,MACHINE_01,RUN,NORMAL_OPERATION,41,62,True,True,10,10,0,0,10,1.0
2026-03-22 00:33:00,MACHINE_01,RUN,NORMAL_OPERATION,72,42,True,True,10,10,0,0,10,1.0
2026-03-22 00:34:00,MACHINE_01,RUN,NORMAL_OPERATION,91,74,True,True,7,7,0,0,10,0.6
2026-03-22 00:35:00,MACHINE_01,RUN,NORMAL_OPERATION,50,89,True,True,11,11,0,0,10,1.0
2026-03-22 00:36:00,MACHINE_01,RUN,NORMAL_OPERATION,76,85,True,True,10,10,0,0,10,0.9
2026-03-22 00:37:00,MACHINE_01,RUN,NORMAL_OPERATION,66,49,True,True,11,11,0,0,10,1.0
2026-03-22 00:38:00,MACHINE_01,FAULT,RANDOM_FAULT,82,69,True,True,0,0,0,1,10,0.9
2026-03-22 00:39:00,MACHINE_01,RUN,NORMAL_OPERATION,46,86,True,True,9,9,0,0,10,1.0
2026-03-22 00:40:00,MACHINE_01,RUN,NORMAL_OPERATION,97,90,True,True,5,4,1,0,10,0.6
2026-03-22 00:41:00,MACHINE_01,RUN,NORMAL_OPERATION,93,40,True,True,5,5,0,0,10,0.6
2026-03-22 00:42:00,MACHINE_01,RUN,NORMAL_OPERATION,81,56,True,True,8,7,1,0,10,0.9
2026-03-22 00:43:00,MACHINE_01,FAULT,RANDOM_FAULT,51,77,True,True,0,0,0,1,10,1.0
2026-03-22 00:44:00,MACHINE_01,RUN,NORMAL_OPERATION,78,92,True,True,9,9,0,0,10,0.9
2026-03-22 00:45:00,MACHINE_01,RUN,NORMAL_OPERATION,52,81,True,True,9,9,0,0,10,1.0
2026-03-22 00:46:00,MACHINE_01,RUN,NORMAL_OPERATION,47,48,True,True,10,10,0,0,10,1.0
2026-03-22 00:47:00,MACHINE_01,RUN,NORMAL_OPERATION,73,53,True,True,10,9,1,0,10,1.0
2026-03-22 00:48:00,MACHINE_01,RUN,NORMAL_OPERATION,81,60,True,True,9,8,1,0,10,0.9
2026-03-22 00:49:00,MACHINE_01,RUN,NORMAL_OPERATION,85,72,True,True,9,9,0,0,10,0.9
2026-03-22 00:50:00,MACHINE_01,RUN,NORMAL_OPERATION,76,65,True,True,10,10,0,0,10,0.9
2026-03-22 00:51:00,MACHINE_01,STOP,NETWORK_DOWN,57,47,False,True,0,0,0,1,10,1.0
2026-03-22 00:52:00,MACHINE_01,RUN,NORMAL_OPERATION,36,50,True,True,11,11,0,0,10,1.0
2026-03-22 00:53:00,MACHINE_01,RUN,NORMAL_OPERATION,44,71,True,True,11,9,2,0,10,1.0
2026-03-22 00:54:00,MACHINE_01,RUN,NORMAL_OPERATION,81,64,True,True,8,8,0,0,10,0.9
2026-03-22 00:55:00,MACHINE_01,RUN,NORMAL_OPERATION,44,76,True,True,9,9,0,0,10,1.0
2026-03-22 00:56:00,MACHINE_01,RUN,NORMAL_OPERATION,93,40,True,True,7,7,0,0,10,0.6
2026-03-22 00:57:00,MACHINE_01,STOP,NETWORK_DOWN,66,49,False,True,0,0,0,1,10,1.0
2026-03-22 00:58:00,MACHINE_01,RUN,NORMAL_OPERATION,64,74,True,True,10,9,1,0,10,1.0
2026-03-22 00:59:00,MACHINE_01,RUN,NORMAL_OPERATION,70,45,True,True,10,10,0,0,10,1.0
2026-03-22 01:00:00,MACHINE_01,RUN,NORMAL_OPERATION,51,55,True,True,10,10,0,0,10,1.0
2026-03-22 01:01:00,MACHINE_01,RUN,NORMAL_OPERATION,94,60,True,True,5,5,0,0,10,0.6
2026-03-22 01:02:00,MACHINE_01,RUN,NORMAL_OPERATION,73,92,True,True,10,10,0,0,10,1.0
2026-03-22 01:03:00,MACHINE_01,RUN,NORMAL_OPERATION,66,46,True,True,9,9,0,0,10,1.0
2026-03-22 01:04:00,MACHINE_01,RUN,NORMAL_OPERATION,44,41,True,True,9,9,0,0,10,1.0
2026-03-22 01:05:00,MACHINE_01,RUN,NORMAL_OPERATION,98,41,True,True,5,5,0,0,10,0.6
2026-03-22 01:06:00,MACHINE_01,RUN,NORMAL_OPERATION,72,71,True,True,10,9,1,0,10,1.0
2026-03-22 01:07:00,MACHINE_01,RUN,NORMAL_OPERATION,96,74,True,True,6,6,0,0,10,0.6
2026-03-22 01:08:00,MACHINE_01,RUN,NORMAL_OPERATION,42,91,True,True,9,9,0,0,10,1.0
2026-03-22 01:09:00,MACHINE_01,RUN,NORMAL_OPERATION,84,62,True,True,8,7,1,0,10,0.9
2026-03-22 01:10:00,MACHINE_01,RUN,NORMAL_OPERATION,59,91,True,True,10,9,1,0,10,1.0
2026-03-22 01:11:00,MACHINE_01,STOP,NETWORK_DOWN,76,43,False,True,0,0,0,1,10,0.9
2026-03-22 01:12:00,MACHINE_01,RUN,NORMAL_OPERATION,53,89,True,True,9,9,0,0,10,1.0
2026-03-22 01:13:00,MACHINE_01,RUN,NORMAL_OPERATION,97,81,True,True,7,7,0,0,10,0.6
2026-03-22 01:14:00,MACHINE_01,RUN,NORMAL_OPERATION,35,84,True,True,11,11,0,0,10,1.0
2026-03-22 01:15:00,MACHINE_01,RUN,NORMAL_OPERATION,56,80,True,True,11,10,1,0,10,1.0
2026-03-22 01:16:00,MACHINE_01,RUN,NORMAL_OPERATION,56,66,True,True,9,8,1,0,10,1.0
2026-03-22 01:17:00,MACHINE_01,RUN,NORMAL_OPERATION,68,46,True,True,11,11,0,0,10,1.0
2026-03-22 01:18:00,MACHINE_01,RUN,NORMAL_OPERATION,41,46,True,True,11,11,0,0,10,1.0
2026-03-22 01:19:00,MACHINE_01,RUN,NORMAL_OPERATION,72,92,True,True,9,9,0,0,10,1.0
2026-03-22 01:20:00,MACHINE_01,RUN,NORMAL_OPERATION,84,51,True,True,8,8,0,0,10,0.9
2026-03-22 01:21:00,MACHINE_01,RUN,NORMAL_OPERATION,79,91,True,True,10,10,0,0,10,0.9
2026-03-22 01:22:00,MACHINE_01,RUN,NORMAL_OPERATION,39,72,True,True,11,11,0,0,10,1.0
2026-03-22 01:23:00,MACHINE_01,RUN,NORMAL_OPERATION,53,78,True,True,9,8,1,0,10,1.0
2026-03-22 01:24:00,MACHINE_01,RUN,NORMAL_OPERATION,88,47,True,True,6,6,0,0,10,0.75
2026-03-22 01:25:00,MACHINE_01,RUN,NORMAL_OPERATION,87,56,True,True,6,6,0,0,10,0.75
2026-03-22 01:26:00,MACHINE_01,RUN,NORMAL_OPERATION,77,84,True,True,9,8,1,0,10,0.9
2026-03-22 01:27:00,MACHINE_01,RUN,NORMAL_OPERATION,91,89,True,True,7,7,0,0,10,0.6
2026-03-22 01:28:00,MACHINE_01,RUN,NORMAL_OPERATION,42,72,True,True,10,9,1,0,10,1.0
2026-03-22 01:29:00,MACHINE_01,RUN,NORMAL_OPERATION,60,57,True,True,9,9,0,0,10,1.0
2026-03-22 01:30:00,MACHINE_01,STOP,MINOR_STOP,68,87,True,True,0,0,0,1,10,1.0
2026-03-22 01:31:00,MACHINE_01,RUN,NORMAL_OPERATION,41,50,True,True,9,7,2,0,10,1.0
2026-03-22 01:32:00,MACHINE_01,RUN,NORMAL_OPERATION,57,78,True,True,10,10,0,0,10,1.0
2026-03-22 01:33:00,MACHINE_01,RUN,NORMAL_OPERATION,48,40,True,True,10,10,0,0,10,1.0
2026-03-22 01:34:00,MACHINE_01,RUN,NORMAL_OPERATION,73,52,True,True,11,10,1,0,10,1.0
2026-03-22 01:35:00,MACHINE_01,RUN,NORMAL_OPERATION,59,61,True,True,10,10,0,0,10,1.0
2026-03-22 01:36:00,MACHINE_01,RUN,NORMAL_OPERATION,58,83,True,True,9,9,0,0,10,1.0
2026-03-22 01:37:00,MACHINE_01,RUN,NORMAL_OPERATION,44,70,True,True,10,10,0,0,10,1.0
2026-03-22 01:38:00,MACHINE_01,RUN,NORMAL_OPERATION,58,89,True,True,10,9,1,0,10,1.0
2026-03-22 01:39:00,MACHINE_01,FAULT,RANDOM_FAULT,89,65,True,True,0,0,0,1,10,0.75
2026-03-22 01:40:00,MACHINE_01,FAULT,SERVICE_DOWN,60,86,True,False,0,0,0,1,10,1.0
2026-03-22 01:41:00,MACHINE_01,RUN,NORMAL_OPERATION,76,88,True,True,10,10,0,0,10,0.9
2026-03-22 01:42:00,MACHINE_01,RUN,NORMAL_OPERATION,93,86,True,True,7,7,0,0,10,0.6
2026-03-22 01:43:00,MACHINE_01,RUN,NORMAL_OPERATION,86,41,True,True,8,7,1,0,10,0.75
2026-03-22 01:44:00,MACHINE_01,RUN,NORMAL_OPERATION,41,78,True,True,9,8,1,0,10,1.0
2026-03-22 01:45:00,MACHINE_01,RUN,NORMAL_OPERATION,88,82,True,True,8,8,0,0,10,0.75
2026-03-22 01:46:00,MACHINE_01,RUN,NORMAL_OPERATION,60,89,True,True,11,10,1,0,10,1.0
2026-03-22 01:47:00,MACHINE_01,RUN,NORMAL_OPERATION,98,49,True,True,7,7,0,0,10,0.6
2026-03-22 01:48:00,MACHINE_01,RUN,NORMAL_OPERATION,57,42,True,True,10,10,0,0,10,1.0
2026-03-22 01:49:00,MACHINE_01,RUN,NORMAL_OPERATION,46,63,True,True,10,10,0,0,10,1.0
2026-03-22 01:50:00,MACHINE_01,RUN,NORMAL_OPERATION,55,46,True,True,11,11,0,0,10,1.0
2026-03-22 01:51:00,MACHINE_01,FAULT,RANDOM_FAULT,91,42,True,True,0,0,0,1,10,0.6
2026-03-22 01:52:00,MACHINE_01,RUN,NORMAL_OPERATION,63,82,True,True,11,11,0,0,10,1.0
2026-03-22 01:53:00,MACHINE_01,RUN,NORMAL_OPERATION,55,72,True,True,9,9,0,0,10,1.0
2026-03-22 01:54:00,MACHINE_01,RUN,NORMAL_OPERATION,91,91,True,True,6,6,0,0,10,0.6
2026-03-22 01:55:00,MACHINE_01,RUN,NORMAL_OPERATION,35,92,True,True,10,10,0,0,10,1.0
2026-03-22 01:56:00,MACHINE_01,RUN,NORMAL_OPERATION,95,85,True,True,7,7,0,0,10,0.6
2026-03-22 01:57:00,MACHINE_01,RUN,NORMAL_OPERATION,40,50,True,True,10,10,0,0,10,1.0
2026-03-22 01:58:00,MACHINE_01,RUN,NORMAL_OPERATION,50,89,True,True,11,11,0,0,10,1.0
2026-03-22 01:59:00,MACHINE_01,RUN,NORMAL_OPERATION,51,46,True,True,11,11,0,0,10,1.0
2026-03-22 02:00:00,MACHINE_01,RUN,NORMAL_OPERATION,73,84,True,True,11,11,0,0,10,1.0
2026-03-22 02:01:00,MACHINE_01,RUN,NORMAL_OPERATION,76,85,True,True,10,9,1,0,10,0.9
2026-03-22 02:02:00,MACHINE_01,RUN,NORMAL_OPERATION,41,82,True,True,10,10,0,0,10,1.0
2026-03-22 02:03:00,MACHINE_01,RUN,NORMAL_OPERATION,63,87,True,True,11,10,1,0,10,1.0
2026-03-22 02:04:00,MACHINE_01,RUN,NORMAL_OPERATION,91,54,True,True,7,7,0,0,10,0.6
2026-03-22 02:05:00,MACHINE_01,STOP,MINOR_STOP,58,51,True,True,0,0,0,1,10,1.0
2026-03-22 02:06:00,MACHINE_01,RUN,NORMAL_OPERATION,70,75,True,True,9,9,0,0,10,1.0
2026-03-22 02:07:00,MACHINE_01,RUN,NORMAL_OPERATION,97,90,True,True,6,6,0,0,10,0.6
2026-03-22 02:08:00,MACHINE_01,RUN,NORMAL_OPERATION,86,45,True,True,7,7,0,0,10,0.75
2026-03-22 02:09:00,MACHINE_01,RUN,NORMAL_OPERATION,36,47,True,True,11,10,1,0,10,1.0
2026-03-22 02:10:00,MACHINE_01,STOP,MINOR_STOP,82,72,True,True,0,0,0,1,10,0.9
2026-03-22 02:11:00,MACHINE_01,RUN,NORMAL_OPERATION,59,60,True,True,11,11,0,0,10,1.0
2026-03-22 02:12:00,MACHINE_01,RUN,NORMAL_OPERATION,90,81,True,True,6,6,0,0,10,0.75
2026-03-22 02:13:00,MACHINE_01,RUN,NORMAL_OPERATION,64,56,True,True,10,9,1,0,10,1.0
2026-03-22 02:14:00,MACHINE_01,RUN,NORMAL_OPERATION,48,58,True,True,10,10,0,0,10,1.0
2026-03-22 02:15:00,MACHINE_01,RUN,NORMAL_OPERATION,73,83,True,True,11,10,1,0,10,1.0
2026-03-22 02:16:00,MACHINE_01,RUN,NORMAL_OPERATION,79,53,True,True,8,8,0,0,10,0.9
2026-03-22 02:17:00,MACHINE_01,RUN,NORMAL_OPERATION,94,81,True,True,5,5,0,0,10,0.6
2026-03-22 02:18:00,MACHINE_01,RUN,NORMAL_OPERATION,65,46,True,True,10,9,1,0,10,1.0
2026-03-22 02:19:00,MACHINE_01,RUN,NORMAL_OPERATION,63,85,True,True,9,9,0,0,10,1.0
2026-03-22 02:20:00,MACHINE_01,RUN,NORMAL_OPERATION,70,92,True,True,11,10,1,0,10,1.0
2026-03-22 02:21:00,MACHINE_01,RUN,NORMAL_OPERATION,95,81,True,True,7,7,0,0,10,0.6
2026-03-22 02:22:00,MACHINE_01,RUN,NORMAL_OPERATION,56,88,True,True,11,11,0,0,10,1.0
2026-03-22 02:23:00,MACHINE_01,RUN,NORMAL_OPERATION,81,64,True,True,10,10,0,0,10,0.9
2026-03-22 02:24:00,MACHINE_01,RUN,NORMAL_OPERATION,44,73,True,True,10,10,0,0,10,1.0
2026-03-22 02:25:00,MACHINE_01,RUN,NORMAL_OPERATION,62,49,True,True,9,9,0,0,10,1.0
2026-03-22 02:26:00,MACHINE_01,RUN,NORMAL_OPERATION,66,42,True,True,11,10,1,0,10,1.0
2026-03-22 02:27:00,MACHINE_01,RUN,NORMAL_OPERATION,71,45,True,True,10,10,0,0,10,1.0
2026-03-22 02:28:00,MACHINE_01,RUN,NORMAL_OPERATION,93,78,True,True,5,4,1,0,10,0.6
2026-03-22 02:29:00,MACHINE_01,STOP,MINOR_STOP,47,51,True,True,0,0,0,1,10,1.0
2026-03-22 02:30:00,MACHINE_01,RUN,NORMAL_OPERATION,50,45,True,True,9,9,0,0,10,1.0
2026-03-22 02:31:00,MACHINE_01,RUN,NORMAL_OPERATION,83,62,True,True,10,9,1,0,10,0.9
2026-03-22 02:32:00,MACHINE_01,RUN,NORMAL_OPERATION,35,76,True,True,9,9,0,0,10,1.0
2026-03-22 02:33:00,MACHINE_01,RUN,NORMAL_OPERATION,70,83,True,True,11,11,0,0,10,1.0
2026-03-22 02:34:00,MACHINE_01,RUN,NORMAL_OPERATION,92,90,True,True,6,6,0,0,10,0.6
2026-03-22 02:35:00,MACHINE_01,RUN,NORMAL_OPERATION,35,91,True,True,10,10,0,0,10,1.0
2026-03-22 02:36:00,MACHINE_01,RUN,NORMAL_OPERATION,42,89,True,True,9,9,0,0,10,1.0
2026-03-22 02:37:00,MACHINE_01,RUN,NORMAL_OPERATION,81,55,True,True,9,9,0,0,10,0.9
2026-03-22 02:38:00,MACHINE_01,RUN,NORMAL_OPERATION,79,62,True,True,8,7,1,0,10,0.9
2026-03-22 02:39:00,MACHINE_01,RUN,NORMAL_OPERATION,49,91,True,True,11,11,0,0,10,1.0
2026-03-22 02:40:00,MACHINE_01,RUN,NORMAL_OPERATION,68,44,True,True,11,10,1,0,10,1.0
2026-03-22 02:41:00,MACHINE_01,RUN,NORMAL_OPERATION,57,70,True,True,9,9,0,0,10,1.0
2026-03-22 02:42:00,MACHINE_01,RUN,NORMAL_OPERATION,66,79,True,True,9,9,0,0,10,1.0
2026-03-22 02:43:00,MACHINE_01,RUN,NORMAL_OPERATION,70,71,True,True,10,10,0,0,10,1.0
2026-03-22 02:44:00,MACHINE_01,FAULT,RANDOM_FAULT,50,84,True,True,0,0,0,1,10,1.0
2026-03-22 02:45:00,MACHINE_01,RUN,NORMAL_OPERATION,61,64,True,True,10,10,0,0,10,1.0
2026-03-22 02:46:00,MACHINE_01,RUN,NORMAL_OPERATION,86,57,True,True,8,8,0,0,10,0.75
2026-03-22 02:47:00,MACHINE_01,RUN,NORMAL_OPERATION,54,70,True,True,11,11,0,0,10,1.0
2026-03-22 02:48:00,MACHINE_01,RUN,NORMAL_OPERATION,47,68,True,True,11,10,1,0,10,1.0
2026-03-22 02:49:00,MACHINE_01,RUN,NORMAL_OPERATION,80,60,True,True,8,8,0,0,10,0.9
2026-03-22 02:50:00,MACHINE_01,RUN,NORMAL_OPERATION,86,44,True,True,8,8,0,0,10,0.75
2026-03-22 02:51:00,MACHINE_01,RUN,NORMAL_OPERATION,92,66,True,True,5,5,0,0,10,0.6
2026-03-22 02:52:00,MACHINE_01,RUN,NORMAL_OPERATION,48,46,True,True,9,9,0,0,10,1.0
2026-03-22 02:53:00,MACHINE_01,RUN,NORMAL_OPERATION,71,68,True,True,9,9,0,0,10,1.0
2026-03-22 02:54:00,MACHINE_01,RUN,NORMAL_OPERATION,57,77,True,True,11,10,1,0,10,1.0
2026-03-22 02:55:00,MACHINE_01,RUN,NORMAL_OPERATION,52,62,True,True,10,8,2,0,10,1.0
2026-03-22 02:56:00,MACHINE_01,RUN,NORMAL_OPERATION,85,55,True,True,9,9,0,0,10,0.9
2026-03-22 02:57:00,MACHINE_01,RUN,NORMAL_OPERATION,69,66,True,True,9,8,1,0,10,1.0
2026-03-22 02:58:00,MACHINE_01,RUN,NORMAL_OPERATION,48,58,True,True,9,8,1,0,10,1.0
2026-03-22 02:59:00,MACHINE_01,RUN,NORMAL_OPERATION,45,88,True,True,9,8,1,0,10,1.0
2026-03-22 03:00:00,MACHINE_01,RUN,NORMAL_OPERATION,91,55,True,True,5,5,0,0,10,0.6
2026-03-22 03:01:00,MACHINE_01,RUN,NORMAL_OPERATION,76,50,True,True,10,9,1,0,10,0.9
2026-03-22 03:02:00,MACHINE_01,FAULT,RANDOM_FAULT,70,77,True,True,0,0,0,1,10,1.0
2026-03-22 03:03:00,MACHINE_01,RUN,NORMAL_OPERATION,40,77,True,True,10,10,0,0,10,1.0
2026-03-22 03:04:00,MACHINE_01,RUN,NORMAL_OPERATION,48,48,True,True,11,11,0,0,10,1.0
2026-03-22 03:05:00,MACHINE_01,RUN,NORMAL_OPERATION,97,52,True,True,6,6,0,0,10,0.6
2026-03-22 03:06:00,MACHINE_01,FAULT,RANDOM_FAULT,72,92,True,True,0,0,0,1,10,1.0
2026-03-22 03:07:00,MACHINE_01,FAULT,SERVICE_DOWN,83,86,True,False,0,0,0,1,10,0.9
2026-03-22 03:08:00,MACHINE_01,RUN,NORMAL_OPERATION,81,89,True,True,10,10,0,0,10,0.9
2026-03-22 03:09:00,MACHINE_01,RUN,NORMAL_OPERATION,40,48,True,True,9,9,0,0,10,1.0
2026-03-22 03:10:00,MACHINE_01,RUN,NORMAL_OPERATION,44,40,True,True,9,9,0,0,10,1.0
2026-03-22 03:11:00,MACHINE_01,RUN,NORMAL_OPERATION,40,86,True,True,11,11,0,0,10,1.0
2026-03-22 03:12:00,MACHINE_01,RUN,NORMAL_OPERATION,80,83,True,True,8,8,0,0,10,0.9
2026-03-22 03:13:00,MACHINE_01,RUN,NORMAL_OPERATION,76,63,True,True,9,9,0,0,10,0.9
2026-03-22 03:14:00,MACHINE_01,RUN,NORMAL_OPERATION,39,58,True,True,10,9,1,0,10,1.0
2026-03-22 03:15:00,MACHINE_01,STOP,NETWORK_DOWN,54,46,False,True,0,0,0,1,10,1.0
2026-03-22 03:16:00,MACHINE_01,RUN,NORMAL_OPERATION,52,56,True,True,10,10,0,0,10,1.0
2026-03-22 03:17:00,MACHINE_01,RUN,NORMAL_OPERATION,47,78,True,True,10,10,0,0,10,1.0
2026-03-22 03:18:00,MACHINE_01,RUN,NORMAL_OPERATION,36,80,True,True,9,9,0,0,10,1.0
2026-03-22 03:19:00,MACHINE_01,RUN,NORMAL_OPERATION,46,54,True,True,10,10,0,0,10,1.0
2026-03-22 03:20:00,MACHINE_01,RUN,NORMAL_OPERATION,97,65,True,True,7,7,0,0,10,0.6
2026-03-22 03:21:00,MACHINE_01,RUN,NORMAL_OPERATION,87,67,True,True,8,7,1,0,10,0.75
2026-03-22 03:22:00,MACHINE_01,RUN,NORMAL_OPERATION,64,52,True,True,9,8,1,0,10,1.0
2026-03-22 03:23:00,MACHINE_01,STOP,NETWORK_DOWN,92,70,False,True,0,0,0,1,10,0.6
2026-03-22 03:24:00,MACHINE_01,RUN,NORMAL_OPERATION,62,53,True,True,11,10,1,0,10,1.0
2026-03-22 03:25:00,MACHINE_01,FAULT,SERVICE_DOWN,41,69,True,False,0,0,0,1,10,1.0
2026-03-22 03:26:00,MACHINE_01,RUN,NORMAL_OPERATION,84,82,True,True,8,7,1,0,10,0.9
2026-03-22 03:27:00,MACHINE_01,RUN,NORMAL_OPERATION,46,51,True,True,11,10,1,0,10,1.0
2026-03-22 03:28:00,MACHINE_01,RUN,NORMAL_OPERATION,70,91,True,True,9,9,0,0,10,1.0
2026-03-22 03:29:00,MACHINE_01,RUN,NORMAL_OPERATION,64,66,True,True,11,11,0,0,10,1.0
2026-03-22 03:30:00,MACHINE_01,RUN,NORMAL_OPERATION,53,81,True,True,11,10,1,0,10,1.0
2026-03-22 03:31:00,MACHINE_01,RUN,NORMAL_OPERATION,70,49,True,True,11,10,1,0,10,1.0
2026-03-22 03:32:00,MACHINE_01,RUN,NORMAL_OPERATION,82,51,True,True,8,8,0,0,10,0.9
2026-03-22 03:33:00,MACHINE_01,RUN,NORMAL_OPERATION,61,44,True,True,11,11,0,0,10,1.0
2026-03-22 03:34:00,MACHINE_01,RUN,NORMAL_OPERATION,39,73,True,True,9,9,0,0,10,1.0
2026-03-22 03:35:00,MACHINE_01,RUN,NORMAL_OPERATION,73,89,True,True,11,11,0,0,10,1.0
2026-03-22 03:36:00,MACHINE_01,FAULT,SERVICE_DOWN,85,66,True,False,0,0,0,1,10,0.9
2026-03-22 03:37:00,MACHINE_01,RUN,NORMAL_OPERATION,93,77,True,True,5,5,0,0,10,0.6
2026-03-22 03:38:00,MACHINE_01,RUN,NORMAL_OPERATION,50,45,True,True,11,11,0,0,10,1.0
2026-03-22 03:39:00,MACHINE_01,RUN,NORMAL_OPERATION,55,49,True,True,10,8,2,0,10,1.0
2026-03-22 03:40:00,MACHINE_01,RUN,NORMAL_OPERATION,98,74,True,True,5,5,0,0,10,0.6
2026-03-22 03:41:00,MACHINE_01,RUN,NORMAL_OPERATION,66,75,True,True,9,9,0,0,10,1.0
2026-03-22 03:42:00,MACHINE_01,RUN,NORMAL_OPERATION,41,46,True,True,11,11,0,0,10,1.0
2026-03-22 03:43:00,MACHINE_01,RUN,NORMAL_OPERATION,43,88,True,True,9,9,0,0,10,1.0
2026-03-22 03:44:00,MACHINE_01,RUN,NORMAL_OPERATION,46,70,True,True,11,11,0,0,10,1.0
2026-03-22 03:45:00,MACHINE_01,RUN,NORMAL_OPERATION,58,79,True,True,9,8,1,0,10,1.0
2026-03-22 03:46:00,MACHINE_01,RUN,NORMAL_OPERATION,62,40,True,True,9,7,2,0,10,1.0
2026-03-22 03:47:00,MACHINE_01,RUN,NORMAL_OPERATION,57,52,True,True,10,10,0,0,10,1.0
2026-03-22 03:48:00,MACHINE_01,RUN,NORMAL_OPERATION,73,76,True,True,9,9,0,0,10,1.0
2026-03-22 03:49:00,MACHINE_01,RUN,NORMAL_OPERATION,56,76,True,True,10,10,0,0,10,1.0
2026-03-22 03:50:00,MACHINE_01,RUN,NORMAL_OPERATION,49,63,True,True,10,10,0,0,10,1.0
2026-03-22 03:51:00,MACHINE_01,RUN,NORMAL_OPERATION,47,92,True,True,9,8,1,0,10,1.0
2026-03-22 03:52:00,MACHINE_01,RUN,NORMAL_OPERATION,94,42,True,True,5,5,0,0,10,0.6
2026-03-22 03:53:00,MACHINE_01,RUN,NORMAL_OPERATION,70,74,True,True,9,9,0,0,10,1.0
2026-03-22 03:54:00,MACHINE_01,RUN,NORMAL_OPERATION,71,76,True,True,10,9,1,0,10,1.0
2026-03-22 03:55:00,MACHINE_01,RUN,NORMAL_OPERATION,92,79,True,True,7,7,0,0,10,0.6
2026-03-22 03:56:00,MACHINE_01,RUN,NORMAL_OPERATION,94,46,True,True,6,6,0,0,10,0.6
2026-03-22 03:57:00,MACHINE_01,RUN,NORMAL_OPERATION,58,84,True,True,10,10,0,0,10,1.0
2026-03-22 03:58:00,MACHINE_01,RUN,NORMAL_OPERATION,48,60,True,True,10,10,0,0,10,1.0
2026-03-22 03:59:00,MACHINE_01,RUN,NORMAL_OPERATION,90,76,True,True,8,8,0,0,10,0.75
2026-03-22 04:00:00,MACHINE_01,RUN,NORMAL_OPERATION,91,51,True,True,7,7,0,0,10,0.6
2026-03-22 04:01:00,MACHINE_01,RUN,NORMAL_OPERATION,35,88,True,True,10,10,0,0,10,1.0
2026-03-22 04:02:00,MACHINE_01,RUN,NORMAL_OPERATION,79,45,True,True,8,7,1,0,10,0.9
2026-03-22 04:03:00,MACHINE_01,RUN,NORMAL_OPERATION,71,41,True,True,10,10,0,0,10,1.0
2026-03-22 04:04:00,MACHINE_01,FAULT,SERVICE_DOWN,71,82,True,False,0,0,0,1,10,1.0
2026-03-22 04:05:00,MACHINE_01,RUN,NORMAL_OPERATION,37,49,True,True,9,9,0,0,10,1.0
2026-03-22 04:06:00,MACHINE_01,RUN,NORMAL_OPERATION,92,64,True,True,7,7,0,0,10,0.6
2026-03-22 04:07:00,MACHINE_01,RUN,NORMAL_OPERATION,39,76,True,True,11,11,0,0,10,1.0
2026-03-22 04:08:00,MACHINE_01,RUN,NORMAL_OPERATION,44,83,True,True,9,8,1,0,10,1.0
2026-03-22 04:09:00,MACHINE_01,RUN,NORMAL_OPERATION,72,58,True,True,10,10,0,0,10,1.0
2026-03-22 04:10:00,MACHINE_01,RUN,NORMAL_OPERATION,45,48,True,True,9,9,0,0,10,1.0
2026-03-22 04:11:00,MACHINE_01,RUN,NORMAL_OPERATION,57,56,True,True,11,11,0,0,10,1.0
2026-03-22 04:12:00,MACHINE_01,RUN,NORMAL_OPERATION,56,53,True,True,10,10,0,0,10,1.0
2026-03-22 04:13:00,MACHINE_01,FAULT,RANDOM_FAULT,95,56,True,True,0,0,0,1,10,0.6
2026-03-22 04:14:00,MACHINE_01,RUN,NORMAL_OPERATION,92,64,True,True,5,5,0,0,10,0.6
2026-03-22 04:15:00,MACHINE_01,RUN,NORMAL_OPERATION,69,61,True,True,11,11,0,0,10,1.0
2026-03-22 04:16:00,MACHINE_01,RUN,NORMAL_OPERATION,43,40,True,True,10,9,1,0,10,1.0
2026-03-22 04:17:00,MACHINE_01,RUN,NORMAL_OPERATION,50,45,True,True,11,11,0,0,10,1.0
2026-03-22 04:18:00,MACHINE_01,RUN,NORMAL_OPERATION,76,56,True,True,9,9,0,0,10,0.9
2026-03-22 04:19:00,MACHINE_01,RUN,NORMAL_OPERATION,97,46,True,True,7,7,0,0,10,0.6
2026-03-22 04:20:00,MACHINE_01,RUN,NORMAL_OPERATION,37,71,True,True,11,10,1,0,10,1.0
2026-03-22 04:21:00,MACHINE_01,RUN,NORMAL_OPERATION,43,74,True,True,10,10,0,0,10,1.0
2026-03-22 04:22:00,MACHINE_01,RUN,NORMAL_OPERATION,78,45,True,True,8,8,0,0,10,0.9
2026-03-22 04:23:00,MACHINE_01,STOP,MINOR_STOP,45,80,True,True,0,0,0,1,10,1.0
2026-03-22 04:24:00,MACHINE_01,RUN,NORMAL_OPERATION,38,86,True,True,11,10,1,0,10,1.0
2026-03-22 04:25:00,MACHINE_01,RUN,NORMAL_OPERATION,93,83,True,True,5,5,0,0,10,0.6
2026-03-22 04:26:00,MACHINE_01,RUN,NORMAL_OPERATION,40,55,True,True,9,9,0,0,10,1.0
2026-03-22 04:27:00,MACHINE_01,RUN,NORMAL_OPERATION,63,44,True,True,11,11,0,0,10,1.0
2026-03-22 04:28:00,MACHINE_01,RUN,NORMAL_OPERATION,53,88,True,True,10,9,1,0,10,1.0
2026-03-22 04:29:00,MACHINE_01,RUN,NORMAL_OPERATION,46,85,True,True,10,10,0,0,10,1.0
2026-03-22 04:30:00,MACHINE_01,RUN,NORMAL_OPERATION,46,80,True,True,11,11,0,0,10,1.0
2026-03-22 04:31:00,MACHINE_01,RUN,NORMAL_OPERATION,59,47,True,True,10,10,0,0,10,1.0
2026-03-22 04:32:00,MACHINE_01,RUN,NORMAL_OPERATION,48,87,True,True,9,9,0,0,10,1.0
2026-03-22 04:33:00,MACHINE_01,RUN,NORMAL_OPERATION,49,60,True,True,9,9,0,0,10,1.0
2026-03-22 04:34:00,MACHINE_01,RUN,NORMAL_OPERATION,52,69,True,True,9,9,0,0,10,1.0
2026-03-22 04:35:00,MACHINE_01,RUN,NORMAL_OPERATION,72,78,True,True,9,9,0,0,10,1.0
2026-03-22 04:36:00,MACHINE_01,RUN,NORMAL_OPERATION,36,86,True,True,10,9,1,0,10,1.0
2026-03-22 04:37:00,MACHINE_01,RUN,NORMAL_OPERATION,39,67,True,True,9,8,1,0,10,1.0
2026-03-22 04:38:00,MACHINE_01,RUN,NORMAL_OPERATION,46,41,True,True,11,10,1,0,10,1.0
2026-03-22 04:39:00,MACHINE_01,STOP,MINOR_STOP,44,64,True,True,0,0,0,1,10,1.0
2026-03-22 04:40:00,MACHINE_01,RUN,NORMAL_OPERATION,89,88,True,True,6,6,0,0,10,0.75
2026-03-22 04:41:00,MACHINE_01,RUN,NORMAL_OPERATION,81,43,True,True,9,9,0,0,10,0.9
2026-03-22 04:42:00,MACHINE_01,RUN,NORMAL_OPERATION,61,88,True,True,10,10,0,0,10,1.0
2026-03-22 04:43:00,MACHINE_01,RUN,NORMAL_OPERATION,72,68,True,True,9,9,0,0,10,1.0
2026-03-22 04:44:00,MACHINE_01,RUN,NORMAL_OPERATION,53,71,True,True,9,9,0,0,10,1.0
2026-03-22 04:45:00,MACHINE_01,RUN,NORMAL_OPERATION,64,73,True,True,11,11,0,0,10,1.0
2026-03-22 04:46:00,MACHINE_01,RUN,NORMAL_OPERATION,82,58,True,True,9,9,0,0,10,0.9
2026-03-22 04:47:00,MACHINE_01,RUN,NORMAL_OPERATION,55,55,True,True,10,10,0,0,10,1.0
2026-03-22 04:48:00,MACHINE_01,RUN,NORMAL_OPERATION,38,65,True,True,10,10,0,0,10,1.0
2026-03-22 04:49:00,MACHINE_01,RUN,NORMAL_OPERATION,53,91,True,True,11,10,1,0,10,1.0
2026-03-22 04:50:00,MACHINE_01,RUN,NORMAL_OPERATION,59,77,True,True,9,8,1,0,10,1.0
2026-03-22 04:51:00,MACHINE_01,RUN,NORMAL_OPERATION,42,82,True,True,10,9,1,0,10,1.0
2026-03-22 04:52:00,MACHINE_01,RUN,NORMAL_OPERATION,91,58,True,True,7,7,0,0,10,0.6
2026-03-22 04:53:00,MACHINE_01,RUN,NORMAL_OPERATION,77,44,True,True,8,8,0,0,10,0.9
2026-03-22 04:54:00,MACHINE_01,RUN,NORMAL_OPERATION,83,58,True,True,10,8,2,0,10,0.9
2026-03-22 04:55:00,MACHINE_01,RUN,NORMAL_OPERATION,71,66,True,True,9,9,0,0,10,1.0
2026-03-22 04:56:00,MACHINE_01,RUN,NORMAL_OPERATION,95,84,True,True,5,5,0,0,10,0.6
2026-03-22 04:57:00,MACHINE_01,RUN,NORMAL_OPERATION,52,62,True,True,10,10,0,0,10,1.0
2026-03-22 04:58:00,MACHINE_01,RUN,NORMAL_OPERATION,75,92,True,True,11,10,1,0,10,1.0
2026-03-22 04:59:00,MACHINE_01,RUN,NORMAL_OPERATION,54,72,True,True,11,10,1,0,10,1.0
2026-03-22 05:00:00,MACHINE_01,RUN,NORMAL_OPERATION,79,59,True,True,10,10,0,0,10,0.9
2026-03-22 05:01:00,MACHINE_01,RUN,NORMAL_OPERATION,61,48,True,True,9,9,0,0,10,1.0
2026-03-22 05:02:00,MACHINE_01,RUN,NORMAL_OPERATION,67,42,True,True,9,9,0,0,10,1.0
2026-03-22 05:03:00,MACHINE_01,RUN,NORMAL_OPERATION,79,62,True,True,8,8,0,0,10,0.9
2026-03-22 05:04:00,MACHINE_01,RUN,NORMAL_OPERATION,35,86,True,True,11,11,0,0,10,1.0
2026-03-22 05:05:00,MACHINE_01,RUN,NORMAL_OPERATION,75,47,True,True,10,10,0,0,10,1.0
2026-03-22 05:06:00,MACHINE_01,RUN,NORMAL_OPERATION,87,58,True,True,7,6,1,0,10,0.75
2026-03-22 05:07:00,MACHINE_01,RUN,NORMAL_OPERATION,45,47,True,True,9,9,0,0,10,1.0
2026-03-22 05:08:00,MACHINE_01,RUN,NORMAL_OPERATION,89,86,True,True,8,8,0,0,10,0.75
2026-03-22 05:09:00,MACHINE_01,RUN,NORMAL_OPERATION,70,49,True,True,10,8,2,0,10,1.0
2026-03-22 05:10:00,MACHINE_01,RUN,NORMAL_OPERATION,73,79,True,True,11,11,0,0,10,1.0
2026-03-22 05:11:00,MACHINE_01,RUN,NORMAL_OPERATION,90,47,True,True,7,7,0,0,10,0.75
2026-03-22 05:12:00,MACHINE_01,RUN,NORMAL_OPERATION,74,85,True,True,10,10,0,0,10,1.0
2026-03-22 05:13:00,MACHINE_01,STOP,MINOR_STOP,80,89,True,True,0,0,0,1,10,0.9
2026-03-22 05:14:00,MACHINE_01,RUN,NORMAL_OPERATION,40,48,True,True,9,9,0,0,10,1.0
2026-03-22 05:15:00,MACHINE_01,RUN,NORMAL_OPERATION,74,77,True,True,9,8,1,0,10,1.0
2026-03-22 05:16:00,MACHINE_01,RUN,NORMAL_OPERATION,37,60,True,True,10,10,0,0,10,1.0
2026-03-22 05:17:00,MACHINE_01,RUN,NORMAL_OPERATION,44,74,True,True,11,11,0,0,10,1.0
2026-03-22 05:18:00,MACHINE_01,RUN,NORMAL_OPERATION,44,81,True,True,11,10,1,0,10,1.0
2026-03-22 05:19:00,MACHINE_01,RUN,NORMAL_OPERATION,62,82,True,True,11,11,0,0,10,1.0
2026-03-22 05:20:00,MACHINE_01,RUN,NORMAL_OPERATION,73,67,True,True,11,11,0,0,10,1.0
2026-03-22 05:21:00,MACHINE_01,RUN,NORMAL_OPERATION,94,71,True,True,5,4,1,0,10,0.6
2026-03-22 05:22:00,MACHINE_01,RUN,NORMAL_OPERATION,57,81,True,True,9,9,0,0,10,1.0
2026-03-22 05:23:00,MACHINE_01,RUN,NORMAL_OPERATION,85,86,True,True,10,10,0,0,10,0.9
2026-03-22 05:24:00,MACHINE_01,RUN,NORMAL_OPERATION,77,77,True,True,9,9,0,0,10,0.9
2026-03-22 05:25:00,MACHINE_01,RUN,NORMAL_OPERATION,49,60,True,True,10,9,1,0,10,1.0
2026-03-22 05:26:00,MACHINE_01,RUN,NORMAL_OPERATION,41,84,True,True,10,10,0,0,10,1.0
2026-03-22 05:27:00,MACHINE_01,RUN,NORMAL_OPERATION,67,59,True,True,9,9,0,0,10,1.0
2026-03-22 05:28:00,MACHINE_01,RUN,NORMAL_OPERATION,97,70,True,True,6,6,0,0,10,0.6
2026-03-22 05:29:00,MACHINE_01,RUN,NORMAL_OPERATION,76,69,True,True,8,8,0,0,10,0.9
2026-03-22 05:30:00,MACHINE_01,RUN,NORMAL_OPERATION,51,78,True,True,10,10,0,0,10,1.0
2026-03-22 05:31:00,MACHINE_01,RUN,NORMAL_OPERATION,63,41,True,True,11,11,0,0,10,1.0
2026-03-22 05:32:00,MACHINE_01,RUN,NORMAL_OPERATION,50,40,True,True,10,10,0,0,10,1.0
2026-03-22 05:33:00,MACHINE_01,RUN,NORMAL_OPERATION,61,78,True,True,9,9,0,0,10,1.0
